{
  "linear_regression": {
    "train_mae": 18.03767882021239,
    "train_rmse": 23.06549233410774,
    "train_r2": 0.36698769117000785,
    "test_mae": 19.77436098314339,
    "test_rmse": 24.679523854533972,
    "test_r2": 0.21153173413510973
  },
  "random_forest": {
    "train_mae": 5.140936363871365,
    "train_rmse": 6.651702112451126,
    "train_r2": 0.947355587901834,
    "test_mae": 13.497893491038369,
    "test_rmse": 17.414371360316714,
    "test_r2": 0.6074217194022051
  },
  "xgboost": {
    "train_mae": 1.2305447312273896,
    "train_rmse": 1.669019857888244,
    "train_r2": 0.9966855634877213,
    "test_mae": 14.151498447257069,
    "test_rmse": 18.10235838566251,
    "test_r2": 0.575789920993113
  }
}